entity_id	matched_entities
S1-000001	S2-000001,S3-000001
S1-000002	S2-000002,S3-000002
S1-000003	S2-000003,S3-000003
S1-000004	S2-000004,S3-000004
S1-000005	S2-000005,S3-000005
S1-000006	S2-000006,S3-000006
S1-000007	S2-000007,S3-000007
S1-000008	S2-000008,S3-000008
S1-000009	S2-000009,S3-000009
S1-000010	S2-000010,S3-000010
S1-000011	S2-000011,S3-000011
S1-000012	S2-000012,S3-000012
S1-000013	S2-000013,S3-000013
S1-000014	S2-000014,S3-000014
S1-000015	S2-000015,S3-000015
S1-000016	S2-000016,S3-000016
S1-000017	S2-000017,S3-000017
S1-000018	S2-000018
S1-000019	S2-000019
S1-000020	S2-000020,S3-000018
S1-000021	S2-000021
S1-000022	S2-000022,S3-000019
S1-000023	S2-000023,S3-000020
S1-000024	S2-000024
S1-000025	S2-000025,S3-000021
S1-000026	S2-000026
S1-000027	S2-000027
S1-000028	S2-000028,S3-000022
S1-000029	S2-000029,S3-000023
S1-000030	S2-000030,S3-000024
S1-000031	S2-000031
S1-000032	S2-000032,S3-000025
S1-000033	S2-000033,S3-000026
S1-000034	S2-000034,S3-000027
S1-000035	S2-000035,S3-000028
S1-000036	S2-000036,S3-000029
S1-000037	S2-000037,S3-000030
S1-000038	S2-000038,S3-000031
S1-000039	S2-000039,S3-000032
S1-000040	S2-000040,S3-000033
S1-000041	S2-000041,S3-000034
S1-000042	S2-000042,S3-000035
S1-000043	S2-000043
S1-000044	S2-000044,S3-000036
S1-000045	S3-000037
S1-000046	S2-000045
S1-000047	S2-000046,S3-000038
S1-000048	S2-000047,S3-000039
S1-000049	S2-000048,S3-000040
S1-000050	S2-000049,S3-000041
S1-000051	S2-000050,S3-000042
S1-000052	S3-000043
S1-000053	S2-000051,S3-000044
S1-000054	S2-000052
S1-000055	S2-000053
S1-000056	S2-000054,S3-000045
S1-000057	S2-000055,S3-000046
S1-000058	S2-000056,S3-000047
S1-000059	S2-000057,S3-000048
S1-000060	S3-000049
S1-000061	S3-000050
S1-000062	S2-000058
S1-000063	S2-000059
S1-000064	S2-000060,S3-000051
S1-000065	S2-000061
S1-000066	S2-000062,S3-000052
S1-000067	S2-000063,S3-000053
S1-000068	S2-000064,S3-000054
S1-000069	S2-000065,S3-000055
S1-000070	S2-000066,S3-000056
S1-000071	S2-000067,S3-000057
S1-000072	S2-000068,S3-000058
S1-000073	S2-000069
S1-000074	S2-000070,S3-000059
S1-000075	S2-000071,S3-000060
S1-000076	S2-000072,S3-000061
S1-000077	S2-000073,S3-000062
S1-000078	S2-000074
S1-000079	S2-000075
S1-000080	S2-000076,S3-000063
S1-000081	S2-000077
S1-000082	S2-000078,S3-000064
S1-000083	S2-000079,S3-000065
S1-000084	S2-000080,S3-000066
S1-000085	S2-000081,S3-000067
S1-000086	S3-000068
S1-000087	S2-000082
S1-000088	S2-000083,S3-000069
S1-000089	S2-000084,S3-000070
S1-000090	S2-000085,S3-000071
